[
  {
    "id": "2e39b2e2-2876-405c-bf5a-d02c64ffc611",
    "data": [
      {
        "text": "towards ",
        "userDefined": false
      },
      {
        "text": "Steeles Avenue",
        "alias": "address",
        "meta": "@sys.address",
        "userDefined": false
      }
    ],
    "isTemplate": false,
    "count": 0,
    "updated": 1531787834
  },
  {
    "id": "87d5db07-3718-41ed-8889-a0b2d3a087e6",
    "data": [
      {
        "text": "to ",
        "userDefined": false
      },
      {
        "text": "Don Mills Station",
        "alias": "address",
        "meta": "@sys.address",
        "userDefined": false
      }
    ],
    "isTemplate": false,
    "count": 0,
    "updated": 1531787834
  }
]