[
  {
    "id": "eeafe255-136b-43d1-9e05-84b5fa379df2",
    "data": [
      {
        "text": "Steeles",
        "alias": "any",
        "meta": "@sys.any",
        "userDefined": true
      }
    ],
    "isTemplate": false,
    "count": 0,
    "updated": 1534299412
  },
  {
    "id": "86ce74e5-d559-4f57-8b75-feedfdd346da",
    "data": [
      {
        "text": "Toward ",
        "userDefined": false
      },
      {
        "text": "Steeles",
        "alias": "any",
        "meta": "@sys.any",
        "userDefined": true
      }
    ],
    "isTemplate": false,
    "count": 0,
    "updated": 1534299412
  },
  {
    "id": "9abc7fd4-0bce-4b2c-8992-9e4281f7afee",
    "data": [
      {
        "text": "Don Mills Station",
        "alias": "any",
        "meta": "@sys.any",
        "userDefined": false
      }
    ],
    "isTemplate": false,
    "count": 0,
    "updated": 1534299412
  },
  {
    "id": "df221604-d61f-4694-a4b1-24ab8e35432b",
    "data": [
      {
        "text": "To ",
        "userDefined": false
      },
      {
        "text": "Don Mills",
        "alias": "any",
        "meta": "@sys.any",
        "userDefined": false
      }
    ],
    "isTemplate": false,
    "count": 0,
    "updated": 1534299412
  }
]