[
  {
    "id": "76428580-de85-4cba-80ba-1e7869d02c68",
    "data": [
      {
        "text": "185",
        "alias": "number",
        "meta": "@sys.number",
        "userDefined": false
      },
      {
        "text": " Don Mills",
        "userDefined": false
      }
    ],
    "isTemplate": false,
    "count": 0,
    "updated": 1534629819
  },
  {
    "id": "a90a03f0-616e-4a04-aac0-854d98a435e9",
    "data": [
      {
        "text": "169",
        "alias": "number",
        "meta": "@sys.number",
        "userDefined": false
      },
      {
        "text": " Huntingwood",
        "userDefined": false
      }
    ],
    "isTemplate": false,
    "count": 0,
    "updated": 1534629819
  },
  {
    "id": "b204a802-c6a4-46f8-ad06-e476c9d9d24c",
    "data": [
      {
        "text": "25",
        "alias": "number",
        "meta": "@sys.number",
        "userDefined": false
      }
    ],
    "isTemplate": false,
    "count": 0,
    "updated": 1534298380
  }
]